,,Overall,Overall,Overall,Overall,Overall,Overall,,Conf.,Conf.,,Home,Home,,Away,Away,,Points,Points,,Totals,Totals,Totals,Totals,Totals,Totals,Totals,Totals,Totals,Totals,Totals,Totals,Totals,Totals,Totals,Totals,Totals
Rk,School,G,W,L,W-L%,SRS,SOS,,W,L,,W,L,,W,L,,Tm.,Opp.,,MP,FG,FGA,FG%,3P,3PA,3P%,FT,FTA,FT%,ORB,TRB,AST,STL,BLK,TOV,PF
1,Abilene Christian NCAA,34,27,7,.794,-1.91,-7.34,,14,4,,13,2,,10,4,,73.6,63.6,,40.3,26.4,56.2,.469,7.38,19.4,.380,13.4,18.9,.712,9.56,32.6,15.4,8.74,2.74,12.0,18.7
2,Air Force,32,14,18,.438,-4.28,0.24,,8,10,,9,6,,3,9,,68.1,71.7,,40.6,25.1,55.5,.452,7.31,22.2,.329,10.7,15.7,.678,7.91,33.7,13.6,4.81,1.78,13.2,17.0
3,Akron,33,17,16,.515,4.86,1.09,,8,10,,14,3,,1,10,,68.8,63.8,,40.2,24.2,59.0,.409,9.00,28.2,.320,11.5,16.3,.705,9.45,36.5,12.1,5.61,3.21,11.8,17.2
4,Alabama A&M,32,5,27,.156,-19.23,-8.38,,4,14,,4,7,,0,18,,60.6,71.4,,40.5,23.0,56.5,.407,5.69,18.1,.315,8.88,14.2,.627,9.81,32.3,12.0,7.31,1.56,15.2,18.3
5,Alabama-Birmingham,35,20,15,.571,0.36,-1.52,,10,8,,11,5,,6,6,,70.6,67.7,,40.3,25.9,57.2,.452,6.69,19.8,.337,12.1,18.0,.673,10.5,36.5,11.5,6.23,2.34,11.4,16.5
6,Alabama State,31,12,19,.387,-15.60,-7.84,,9,9,,8,3,,3,13,,67.3,72.1,,40.3,23.0,56.9,.404,6.97,21.7,.321,14.4,22.1,.652,11.8,35.3,10.1,6.55,3.29,14.5,18.2
7,Alabama,34,18,16,.529,9.45,9.01,,8,10,,10,6,,4,8,,72.0,71.6,,40.1,25.2,57.2,.440,7.18,21.1,.340,14.5,21.7,.666,11.3,37.8,12.3,4.62,4.71,13.7,16.8
8,Albany (NY),32,12,20,.375,-9.38,-6.70,,7,9,,6,8,,6,10,,67.2,69.3,,40.6,22.8,54.7,.416,8.56,24.7,.347,13.1,17.6,.745,9.19,33.8,12.6,6.09,2.44,14.2,17.7
9,Alcorn State,31,10,21,.323,-22.08,-8.97,,6,12,,10,3,,0,17,,64.4,70.8,,40.2,22.9,55.5,.412,6.81,20.8,.327,11.8,17.5,.674,10.8,34.8,12.6,7.39,3.45,15.9,17.7
10,American,30,15,15,.500,-4.19,-7.23,,9,9,,8,7,,6,8,,72.0,69.0,,40.7,26.0,54.8,.474,6.33,19.5,.325,13.7,19.6,.698,8.37,33.8,13.4,7.37,4.37,12.9,17.3
11,Appalachian State,32,11,21,.344,-3.73,0.10,,6,12,,9,5,,2,12,,79.9,79.3,,40.3,27.5,60.6,.454,9.13,25.4,.359,15.8,22.1,.715,9.69,35.2,12.7,5.34,2.81,13.1,18.3
12,Arizona State NCAA,34,23,11,.676,10.28,6.04,,12,6,,13,3,,6,5,,77.6,73.4,,40.6,26.4,59.2,.447,7.06,21.0,.336,17.6,25.9,.680,11.7,39.7,13.5,6.26,3.21,13.7,19.9
13,Arizona,32,17,15,.531,8.32,6.32,,8,10,,12,5,,4,7,,70.9,68.9,,40.3,24.8,58.2,.427,7.34,21.8,.336,13.9,19.4,.719,10.1,34.8,12.4,5.16,2.28,11.6,18.6
14,Little Rock,31,10,21,.323,-4.87,-2.07,,5,13,,7,9,,3,12,,74.2,75.9,,40.3,26.4,54.4,.484,6.65,18.8,.354,14.9,22.7,.656,7.87,34.2,14.3,5.45,2.81,16.2,20.1
15,Arkansas-Pine Bluff,32,13,19,.406,-14.43,-8.18,,10,8,,8,2,,4,17,,65.9,70.9,,40.6,22.5,52.7,.427,6.06,17.9,.338,14.9,21.9,.678,9.91,33.2,11.4,6.75,3.41,14.9,19.7
16,Arkansas State,32,13,19,.406,-7.10,-1.23,,7,11,,10,4,,2,13,,73.7,77.3,,40.9,24.9,59.5,.418,7.41,22.2,.334,16.6,22.5,.735,12.6,37.8,11.3,5.72,4.34,14.0,21.4
17,Arkansas,34,18,16,.529,11.75,8.78,,8,10,,12,6,,5,8,,75.3,72.3,,40.3,26.3,58.9,.446,7.62,22.1,.345,15.1,22.6,.668,10.1,33.9,16.0,8.12,5.06,13.2,20.4
18,Army,32,13,19,.406,-7.57,-4.73,,8,10,,10,4,,3,13,,70.9,72.0,,40.0,26.2,61.1,.428,8.50,27.0,.315,10.1,14.7,.684,8.09,35.2,15.6,6.19,1.56,11.8,17.0
19,Auburn NCAA,40,30,10,.750,20.84,10.92,,11,7,,15,2,,4,6,,79.7,68.8,,40.4,27.4,61.0,.450,11.3,30.1,.377,13.5,19.0,.711,11.4,34.2,14.3,9.22,4.75,11.7,18.3
20,Austin Peay,33,22,11,.667,0.59,-4.41,,13,5,,10,2,,8,7,,82.2,73.1,,40.5,29.5,62.4,.472,8.12,21.3,.382,15.1,21.4,.706,12.0,36.8,13.8,7.64,3.33,11.9,18.1
21,Ball State,33,16,17,.485,3.39,1.21,,6,12,,7,7,,8,7,,75.1,71.6,,40.6,26.9,57.3,.470,6.12,18.8,.325,15.1,21.5,.702,9.33,37.7,12.9,6.58,3.58,14.5,17.5
22,Baylor NCAA,34,20,14,.588,13.38,9.26,,10,8,,13,5,,5,6,,71.8,67.7,,40.1,25.6,57.8,.442,8.06,23.6,.341,12.6,18.7,.677,13.2,37.7,13.9,6.15,4.68,13.1,18.7
23,Belmont NCAA,33,27,6,.818,9.12,-2.60,,16,2,,13,1,,12,3,,86.9,73.9,,40.3,31.6,63.5,.498,10.4,27.9,.372,13.4,18.1,.737,8.67,38.6,19.5,6.67,3.79,11.4,15.4
24,Bethune-Cookman,31,14,17,.452,-11.98,-9.74,,9,7,,11,4,,3,12,,73.9,72.4,,40.3,26.9,61.3,.439,6.58,20.5,.321,13.5,22.2,.610,13.4,41.1,14.3,7.55,3.48,16.2,19.7
25,Binghamton,33,10,23,.303,-13.92,-4.69,,5,11,,5,11,,5,12,,65.2,72.0,,40.0,24.0,55.8,.431,8.33,23.9,.349,8.82,13.7,.644,7.39,32.1,9.82,5.55,4.61,12.4,14.4
26,Boise State,33,13,20,.394,3.61,1.08,,7,11,,8,7,,3,10,,71.6,68.6,,40.3,25.6,54.6,.469,7.64,21.7,.352,12.8,17.7,.723,7.33,30.8,12.1,6.06,2.06,11.5,17.3
27,Boston College,31,14,17,.452,5.83,7.76,,5,13,,10,8,,2,8,,70.8,72.8,,40.6,24.8,58.3,.425,7.03,22.2,.317,14.3,20.4,.698,10.7,36.7,12.3,5.13,3.32,12.2,16.4
28,Boston University,33,15,18,.455,-6.61,-5.39,,7,11,,7,7,,8,10,,72.3,72.3,,40.2,27.9,58.2,.480,6.70,19.4,.346,9.70,14.2,.684,9.42,33.1,13.5,6.03,2.21,12.9,17.5
29,Bowling Green State,34,22,12,.647,4.24,0.86,,12,6,,14,2,,5,8,,78.5,73.4,,40.3,27.8,62.8,.443,8.00,22.4,.357,14.9,22.2,.670,12.0,41.1,12.6,6.68,2.65,12.1,17.5
30,Bradley NCAA,35,20,15,.571,-0.08,-0.90,,9,9,,10,6,,5,8,,66.5,65.3,,40.1,23.2,53.5,.433,6.86,18.7,.368,13.3,19.2,.692,8.94,34.1,12.1,5.31,3.77,12.6,17.6
31,Brigham Young,32,19,13,.594,6.15,3.31,,11,5,,13,3,,5,8,,79.0,76.1,,40.5,27.4,58.7,.468,7.06,21.4,.330,17.0,23.4,.727,8.22,34.9,15.1,6.34,3.34,11.1,19.5
32,Brown,32,20,12,.625,-0.62,-3.29,,7,7,,13,3,,7,9,,73.6,68.9,,40.3,25.2,56.8,.443,7.97,23.3,.342,15.3,21.4,.715,8.16,36.2,13.1,7.53,3.84,14.3,18.8
33,Bryant,30,10,20,.333,-15.19,-7.66,,7,11,,8,6,,2,13,,69.6,77.1,,40.0,23.6,56.0,.422,7.67,23.6,.325,14.7,20.6,.712,9.50,32.3,10.6,5.27,2.63,12.8,19.2
34,Bucknell,33,21,12,.636,0.59,-2.93,,13,5,,12,3,,7,8,,76.8,73.3,,40.2,26.3,58.4,.450,9.42,26.8,.351,14.8,19.8,.749,8.67,35.0,15.7,5.24,3.52,12.4,19.0
35,Buffalo NCAA,36,32,4,.889,15.56,2.62,,16,2,,14,0,,12,3,,84.4,70.8,,40.1,30.1,65.1,.462,9.56,28.4,.337,14.6,21.3,.687,12.6,40.8,16.6,7.31,3.89,12.0,18.3
36,Butler,33,16,17,.485,9.22,8.10,,7,11,,12,4,,2,10,,71.9,70.8,,40.3,26.1,58.6,.445,8.85,25.1,.353,10.9,14.8,.738,8.73,32.1,13.2,5.85,1.88,10.9,18.0
37,Cal Poly,29,6,23,.207,-13.95,-3.54,,2,14,,4,8,,1,14,,66.6,75.3,,40.9,24.3,59.1,.412,7.76,23.7,.328,10.1,15.6,.648,9.79,33.6,10.4,5.07,3.41,11.5,18.8
38,Cal State Bakersfield,34,18,16,.529,-5.12,-2.63,,7,9,,9,4,,7,10,,70.9,70.9,,40.4,26.1,61.5,.424,6.50,20.1,.324,12.3,18.2,.673,14.3,37.4,11.1,6.41,3.09,12.9,22.0
39,Cal State Fullerton,34,16,18,.471,-3.29,-1.14,,10,6,,9,4,,4,11,,71.7,71.0,,40.7,25.5,56.2,.454,5.50,17.3,.317,15.1,21.4,.708,8.15,36.0,12.0,5.88,3.47,13.2,18.8
40,Cal State Northridge,34,13,21,.382,-6.54,-3.39,,7,9,,7,9,,4,11,,76.5,79.4,,40.4,28.5,61.9,.460,6.88,19.1,.361,12.7,19.9,.638,10.4,35.7,15.1,6.62,4.53,12.1,18.9
41,California Baptist,31,16,15,.516,-3.89,-4.12,,7,9,,8,7,,8,6,,77.5,72.3,,40.6,26.8,60.0,.447,9.26,25.8,.359,14.6,18.6,.788,9.87,37.8,11.1,4.77,2.74,12.2,20.1
42,UC-Davis,31,11,20,.355,-6.26,-1.50,,7,9,,7,6,,3,12,,65.7,68.6,,40.6,23.7,54.0,.439,6.55,20.0,.328,11.8,16.6,.709,7.03,30.0,12.1,6.32,2.29,13.3,19.2
43,UC-Irvine NCAA,37,31,6,.838,5.70,-2.30,,15,1,,12,2,,13,2,,72.3,63.6,,40.5,26.7,58.4,.457,6.81,18.9,.359,12.1,17.3,.702,11.6,39.8,12.9,5.68,4.14,11.9,18.2
44,UC-Riverside,33,10,23,.303,-11.12,-3.19,,4,12,,7,7,,2,14,,65.2,69.1,,40.2,24.0,54.2,.443,8.45,22.5,.376,8.79,12.8,.684,8.67,31.8,12.9,4.97,1.82,12.9,17.0
45,UC-Santa Barbara,32,22,10,.688,-1.62,-5.55,,10,6,,12,3,,7,6,,73.4,66.1,,40.3,25.8,56.8,.454,6.38,18.6,.343,15.5,21.7,.716,11.8,37.6,13.5,4.97,3.31,11.1,17.4
46,University of California,31,8,23,.258,-3.16,5.42,,3,15,,7,9,,1,10,,68.4,77.0,,40.2,23.8,56.0,.426,6.68,19.1,.350,14.1,19.5,.723,8.03,29.0,10.9,7.32,3.19,11.4,18.5
47,Campbell,33,20,13,.606,-3.62,-4.39,,12,4,,12,4,,5,8,,75.6,70.5,,40.2,26.3,57.8,.455,9.48,27.6,.343,13.6,17.9,.759,8.06,31.8,14.6,6.61,3.15,10.2,15.8
48,Canisius,32,15,17,.469,-8.79,-4.85,,11,7,,5,8,,9,5,,70.3,74.3,,40.5,24.9,57.3,.435,8.00,24.7,.324,12.4,18.0,.692,9.38,32.1,14.6,6.38,3.38,12.9,19.6
49,Central Arkansas,33,14,19,.424,-11.37,-4.81,,8,10,,8,5,,5,13,,72.2,75.7,,40.3,24.5,57.7,.426,8.36,23.8,.352,14.8,20.2,.730,9.06,35.3,14.0,6.12,3.64,14.5,18.5
50,Central Connecticut State,31,11,20,.355,-14.02,-6.71,,5,13,,5,7,,5,12,,71.1,76.4,,40.6,24.3,58.7,.414,6.48,19.7,.328,16.0,20.5,.782,10.7,35.7,11.4,5.55,3.55,13.8,19.3
51,Central Florida NCAA,33,24,9,.727,13.37,5.58,,13,5,,15,2,,5,5,,72.3,64.5,,40.2,24.8,53.4,.465,6.94,19.0,.365,15.7,24.2,.649,9.55,36.8,13.3,5.73,4.55,11.9,16.8
52,Central Michigan,35,23,12,.657,2.79,-0.34,,10,8,,13,4,,7,6,,82.7,76.9,,40.7,28.3,62.2,.455,8.71,23.5,.371,17.4,25.9,.671,12.0,37.7,13.3,7.63,3.06,12.1,16.9
53,Charleston Southern,34,18,16,.529,-2.43,-4.19,,9,7,,12,4,,4,11,,75.7,69.7,,40.3,27.2,63.4,.429,9.53,27.8,.343,11.7,17.3,.677,12.0,37.6,14.3,7.74,3.24,13.0,16.8
54,Charlotte,29,8,21,.276,-8.34,-0.89,,5,13,,5,9,,3,9,,61.2,68.7,,40.0,20.6,49.7,.415,6.59,21.2,.311,13.4,18.1,.742,6.86,30.8,9.93,4.76,3.48,14.4,16.9
55,Chattanooga,32,12,20,.375,-7.87,-0.76,,7,11,,8,6,,4,11,,70.9,74.3,,40.2,26.0,58.8,.443,9.06,24.8,.365,9.75,14.3,.683,8.69,34.2,13.1,4.34,2.47,12.8,17.3
56,Chicago State,32,3,29,.094,-24.83,0.67,,0,16,,3,8,,0,19,,61.6,84.7,,40.0,22.4,54.8,.410,4.41,14.7,.299,12.3,18.2,.676,7.88,31.1,11.8,6.03,2.25,16.0,19.5
57,Cincinnati NCAA,35,28,7,.800,14.53,5.50,,14,4,,16,2,,7,4,,71.7,62.7,,40.3,24.9,57.7,.432,6.63,19.2,.345,15.3,21.7,.704,12.6,36.1,13.3,6.11,4.43,10.4,16.1
58,Citadel,30,12,18,.400,-7.94,0.03,,4,14,,8,7,,4,10,,85.1,86.1,,40.3,30.0,67.0,.447,12.3,35.9,.344,12.8,17.4,.736,10.7,36.9,15.4,6.70,3.67,12.9,17.6
59,Clemson,34,20,14,.588,13.85,8.99,,9,9,,14,5,,4,6,,68.8,63.9,,40.0,24.5,54.6,.449,6.38,19.4,.328,13.4,18.3,.732,9.09,35.4,12.1,6.56,4.53,13.2,16.2
60,Cleveland State,31,10,21,.323,-7.96,-1.52,,5,13,,8,9,,2,12,,74.2,78.6,,40.3,25.8,59.2,.436,9.77,26.5,.370,12.9,18.9,.682,9.77,35.3,14.8,5.61,3.13,13.3,17.8
61,Coastal Carolina,34,17,17,.500,-0.50,-1.94,,9,9,,10,4,,6,11,,77.7,74.1,,40.3,26.4,58.4,.453,8.35,22.5,.371,16.4,22.9,.719,11.1,36.9,13.3,6.29,2.29,13.9,20.3
62,Colgate NCAA,35,24,11,.686,1.23,-3.83,,13,5,,15,1,,9,9,,75.7,70.2,,40.4,27.3,57.0,.479,9.14,23.3,.393,11.9,16.1,.742,9.20,35.4,15.5,6.09,3.46,13.0,15.6
63,College of Charleston,33,24,9,.727,2.36,-2.95,,12,6,,13,2,,8,5,,74.3,68.6,,40.3,26.6,55.1,.483,6.88,20.2,.340,14.2,18.6,.764,7.88,32.1,11.7,6.55,2.30,10.5,14.7
64,Colorado State,32,12,20,.375,-0.11,1.41,,7,11,,8,9,,3,8,,74.8,75.2,,40.2,27.1,56.8,.476,8.09,22.6,.359,12.6,18.1,.694,8.00,33.8,14.8,6.22,2.38,11.6,16.3
65,Colorado,36,23,13,.639,9.68,3.60,,10,8,,15,2,,5,9,,73.6,67.5,,40.1,25.7,56.6,.454,6.39,19.8,.323,15.8,21.0,.753,10.1,37.6,13.3,5.03,2.97,13.3,17.1
66,Columbia,28,10,18,.357,-5.18,-2.14,,5,9,,5,7,,4,9,,73.5,73.3,,41.4,27.8,61.4,.452,8.46,23.4,.362,9.50,13.5,.706,9.11,35.2,15.8,7.79,2.79,13.1,19.3
67,Connecticut,33,16,17,.485,6.81,4.32,,6,12,,13,5,,1,8,,73.8,71.3,,40.2,26.5,59.4,.446,7.64,22.2,.344,13.2,19.4,.680,11.5,35.4,12.8,6.06,4.39,12.9,19.5
68,Coppin State,33,8,25,.242,-18.90,-7.11,,7,9,,3,7,,4,16,,64.2,76.0,,40.3,21.5,55.4,.389,7.27,25.5,.285,13.9,20.9,.665,9.52,36.9,9.88,5.12,3.48,16.8,18.8
69,Cornell,31,15,16,.484,-6.12,-2.02,,7,7,,9,4,,6,12,,69.3,71.3,,40.6,24.3,55.0,.442,7.84,23.6,.332,12.8,17.8,.722,6.16,32.7,14.6,5.84,3.45,13.4,15.9
70,Creighton,35,20,15,.571,12.00,8.59,,9,9,,13,6,,4,8,,77.9,73.2,,40.6,28.0,58.4,.479,10.6,27.5,.387,11.3,16.6,.679,8.23,34.2,16.0,6.77,2.63,13.3,16.6
71,Dartmouth,30,11,19,.367,-5.75,-3.00,,2,12,,8,6,,2,12,,72.0,70.5,,40.3,26.4,58.3,.452,8.80,24.0,.366,10.5,14.5,.720,8.20,34.0,14.2,5.27,3.33,12.0,15.6
72,Davidson,34,24,10,.706,6.38,1.96,,14,4,,14,2,,7,5,,70.9,65.6,,40.1,25.1,55.7,.450,9.18,25.9,.354,11.6,15.4,.749,7.76,34.9,14.7,5.15,2.41,11.1,15.9
73,Dayton,33,21,12,.636,9.67,2.91,,13,5,,13,4,,7,4,,72.9,66.2,,40.5,27.3,54.2,.504,6.21,18.7,.332,12.0,17.4,.690,7.91,34.7,16.4,4.97,2.45,12.5,14.0
74,Delaware State,31,6,25,.194,-26.82,-10.13,,2,14,,3,9,,2,15,,63.1,76.5,,40.0,22.4,63.3,.354,7.55,25.5,.297,10.7,15.8,.679,12.2,36.9,10.7,6.90,2.13,14.0,19.0
75,Delaware,33,17,16,.515,-7.91,-4.82,,8,10,,9,7,,7,8,,71.3,72.1,,41.2,25.2,54.8,.459,8.55,22.6,.378,12.4,17.1,.727,7.70,32.8,12.9,4.52,2.36,11.5,15.8
76,Denver,30,8,22,.267,-11.84,-2.97,,3,13,,6,7,,1,14,,69.5,77.3,,40.2,25.2,57.4,.438,7.57,20.7,.365,11.6,15.3,.759,9.17,34.7,11.8,4.73,2.60,13.6,16.9
77,DePaul,36,19,17,.528,6.00,4.05,,7,11,,16,7,,3,9,,78.4,76.4,,40.3,28.0,59.5,.471,6.69,19.5,.343,15.6,21.5,.727,11.0,37.4,14.3,6.31,3.25,13.6,17.5
78,Detroit Mercy,31,11,20,.355,-6.33,-0.36,,8,10,,6,6,,4,14,,73.5,79.5,,40.0,25.3,60.5,.418,9.48,26.6,.356,13.5,18.7,.718,10.8,32.9,10.3,7.68,2.48,11.5,17.0
79,Drake,34,24,10,.706,2.52,-0.66,,12,6,,13,2,,7,6,,75.4,70.2,,40.7,26.7,57.1,.467,8.21,22.7,.361,13.8,18.2,.757,8.21,35.7,15.2,5.29,3.82,13.2,16.7
80,Drexel,32,13,19,.406,-7.02,-2.93,,7,11,,9,7,,3,11,,75.8,77.3,,40.0,27.3,59.4,.460,7.41,20.9,.354,13.8,18.3,.753,9.75,35.2,14.5,4.50,1.94,11.8,16.9
81,Duke NCAA,38,32,6,.842,26.90,11.98,,14,4,,15,2,,7,2,,82.7,67.8,,40.1,30.4,63.6,.478,7.32,23.8,.308,14.5,21.1,.686,13.0,41.2,15.9,9.11,6.76,12.8,15.7
82,Duquesne,32,19,13,.594,0.53,-0.63,,10,8,,14,4,,4,6,,73.5,72.3,,40.5,25.3,59.2,.428,8.47,26.3,.322,14.4,20.7,.694,11.8,35.4,13.8,7.81,4.72,14.1,18.1
83,East Carolina,31,10,21,.323,-5.49,1.31,,3,15,,8,9,,1,11,,67.4,74.2,,40.5,24.2,57.8,.418,5.00,17.6,.284,14.0,20.6,.682,10.2,34.2,12.3,7.23,3.55,13.4,20.1
84,East Tennessee State,34,24,10,.706,5.21,-1.79,,13,5,,13,3,,8,6,,79.6,69.7,,40.4,29.5,60.8,.486,8.06,22.3,.361,12.5,18.6,.670,13.0,39.7,15.7,7.41,3.97,14.2,17.7
85,Eastern Illinois,32,14,18,.438,-11.81,-5.01,,7,11,,7,6,,5,10,,71.8,76.8,,40.9,25.8,59.8,.432,8.50,23.0,.370,11.7,17.0,.688,10.8,35.8,13.6,6.25,3.75,13.3,17.8
86,Eastern Kentucky,31,13,18,.419,-7.40,-2.47,,6,12,,9,5,,3,11,,82.6,83.1,,40.8,29.1,68.5,.424,8.77,26.8,.327,15.7,22.0,.712,11.7,37.6,14.8,10.2,3.26,14.4,21.3
87,Eastern Michigan,32,15,17,.469,0.40,4.43,,9,9,,11,7,,4,10,,68.8,69.2,,40.5,25.6,57.0,.449,5.84,19.8,.295,11.9,18.9,.629,12.5,36.1,11.5,7.41,4.47,13.8,16.5
88,Eastern Washington,34,16,18,.471,-6.77,-4.17,,12,8,,9,4,,4,13,,72.4,74.3,,40.6,25.8,60.0,.429,9.12,26.1,.350,11.7,16.1,.729,8.79,35.1,13.7,5.88,2.97,11.8,18.6
89,Elon,32,11,21,.344,-11.53,-3.56,,7,11,,5,11,,6,7,,70.8,76.4,,40.3,25.4,58.2,.436,10.5,29.5,.355,9.59,13.8,.693,8.28,33.8,14.6,4.22,1.94,12.9,16.8
90,Evansville,32,11,21,.344,-3.84,0.13,,5,13,,9,7,,2,13,,69.8,72.4,,40.5,23.3,55.5,.421,8.25,24.3,.340,14.9,20.6,.721,6.72,34.2,12.3,5.78,2.78,13.0,18.8
91,Fairfield,31,9,22,.290,-10.20,-7.14,,6,12,,5,7,,3,13,,66.8,69.9,,40.0,24.5,56.6,.434,8.35,23.9,.350,9.39,13.5,.693,8.81,31.2,12.9,6.52,2.03,14.1,19.7
92,Fairleigh Dickinson NCAA,35,21,14,.600,-6.09,-7.24,,12,6,,13,4,,7,9,,74.9,71.9,,40.6,26.3,55.4,.475,7.69,19.2,.400,14.5,20.1,.725,9.23,33.0,13.9,7.46,3.77,13.6,16.5
93,Florida A&M,31,12,19,.387,-13.57,-8.09,,9,7,,6,3,,6,14,,62.2,66.4,,40.2,23.2,52.9,.438,5.81,15.8,.368,9.97,16.2,.614,9.29,32.0,11.5,7.29,3.58,16.1,18.7
94,Florida Atlantic,33,17,16,.515,-1.42,-1.76,,8,10,,9,5,,6,9,,70.4,68.0,,40.5,24.5,59.7,.410,8.79,27.1,.324,12.5,16.7,.751,11.1,39.3,12.7,5.58,2.82,14.7,17.4
95,Florida Gulf Coast,32,14,18,.438,-5.11,-1.48,,9,7,,10,4,,4,10,,71.3,73.8,,40.0,25.3,55.8,.453,8.41,22.6,.372,12.3,18.4,.668,8.50,33.3,14.0,6.84,4.16,15.0,16.1
96,Florida International,34,20,14,.588,-4.55,-1.45,,10,8,,12,4,,6,9,,82.3,80.4,,40.0,29.0,65.9,.440,8.21,27.1,.302,16.1,25.1,.640,10.8,35.8,14.4,10.6,4.50,14.0,19.3
97,Florida State NCAA,37,29,8,.784,17.99,10.26,,13,5,,15,1,,6,4,,74.9,67.2,,40.5,25.9,58.7,.442,7.35,22.1,.332,15.6,21.0,.744,11.3,37.6,12.8,7.19,4.35,13.3,19.1
98,Florida NCAA,36,20,16,.556,15.42,11.22,,9,9,,9,6,,5,6,,67.8,63.6,,40.4,23.8,56.0,.425,8.08,24.2,.334,12.1,16.8,.721,10.4,33.4,12.1,7.14,3.64,11.7,17.1
99,Fordham,32,12,20,.375,-5.02,-2.40,,3,15,,9,10,,3,8,,65.9,66.9,,40.5,23.7,59.1,.402,8.63,26.0,.332,9.81,14.4,.680,9.53,33.8,11.3,5.88,3.38,10.8,17.5
100,Fresno State,32,23,9,.719,8.99,0.67,,13,5,,13,4,,7,3,,76.5,67.6,,40.2,26.5,58.3,.454,10.7,28.0,.381,12.9,17.9,.720,9.38,35.5,14.3,7.13,3.47,12.5,18.5
101,Furman,33,25,8,.758,7.46,-1.50,,13,5,,13,3,,11,4,,77.6,66.1,,40.6,28.2,59.5,.474,10.2,28.3,.361,11.0,15.4,.717,9.88,35.5,15.9,8.73,4.15,12.3,14.6
102,Gardner-Webb NCAA,35,23,12,.657,-2.61,-4.43,,11,6,,13,0,,8,9,,77.7,70.5,,40.9,27.3,56.1,.487,8.03,20.5,.391,15.1,21.2,.711,7.74,34.0,14.3,6.80,2.89,11.6,16.0
103,George Mason,33,18,15,.545,0.84,0.08,,11,7,,11,6,,6,6,,70.1,69.4,,40.3,25.0,56.2,.445,6.36,19.3,.330,13.8,19.2,.716,9.79,35.3,12.1,6.18,2.94,13.0,17.1
104,George Washington,33,9,24,.273,-6.65,1.20,,4,14,,6,11,,2,10,,63.5,71.4,,40.6,22.6,55.8,.404,5.94,19.1,.311,12.5,18.2,.685,8.30,33.8,11.4,5.15,2.91,12.5,15.9
105,Georgetown,33,19,14,.576,6.80,5.31,,9,9,,13,6,,5,6,,79.5,78.1,,41.1,27.1,61.1,.443,8.15,22.9,.355,17.2,23.4,.737,10.6,39.4,16.4,6.00,3.97,13.4,17.6
106,Georgia Southern,33,21,12,.636,3.75,0.13,,12,6,,10,4,,7,7,,82.6,75.4,,40.3,30.7,61.5,.499,6.18,19.2,.323,15.1,21.8,.692,9.70,36.1,12.2,7.73,4.00,13.7,17.9
107,Georgia State NCAA,34,24,10,.706,2.44,0.65,,13,5,,13,1,,7,7,,76.4,73.3,,40.0,26.6,57.9,.459,9.71,25.3,.384,13.6,20.4,.666,8.03,32.6,12.2,7.91,4.65,11.5,17.1
108,Georgia Tech,32,14,18,.438,6.93,8.15,,6,12,,11,7,,3,9,,65.3,66.6,,40.2,23.6,53.6,.440,5.50,17.9,.307,12.7,18.4,.689,8.19,33.6,13.5,6.91,5.19,14.3,17.5
109,Georgia,32,11,21,.344,5.31,8.12,,2,16,,8,9,,2,9,,71.1,73.9,,40.0,24.3,55.0,.441,6.56,20.4,.322,16.0,22.7,.705,11.2,38.0,13.2,5.78,5.09,15.8,17.7
110,Gonzaga NCAA,37,33,4,.892,27.79,5.01,,16,0,,17,0,,9,1,,87.6,64.9,,40.0,31.8,60.5,.526,7.76,21.4,.363,16.3,21.4,.761,9.57,39.0,18.1,7.51,5.51,10.6,16.3
111,Grambling,34,17,17,.500,-9.73,-9.34,,10,8,,11,3,,6,12,,71.4,68.7,,40.3,24.5,54.3,.452,6.56,16.3,.403,15.7,23.0,.685,9.03,37.9,12.4,5.68,4.32,15.8,20.6
112,Grand Canyon,34,20,14,.588,3.85,-1.49,,10,6,,12,2,,5,8,,75.3,69.2,,40.3,26.7,59.0,.452,7.56,22.9,.331,14.3,19.6,.731,10.3,36.4,14.1,6.09,2.21,12.1,17.6
113,Green Bay,38,21,17,.553,-2.24,-0.36,,10,8,,15,3,,5,13,,81.3,79.9,,40.4,29.1,63.5,.458,7.97,23.1,.345,15.1,21.5,.703,9.89,37.0,15.2,7.66,4.05,13.2,19.2
114,Hampton,35,18,17,.514,-3.34,-5.06,,9,7,,12,3,,6,12,,81.3,76.3,,40.9,27.6,63.9,.432,8.31,24.1,.345,17.8,22.6,.787,10.4,39.1,13.9,6.14,3.46,10.8,18.5
115,Hartford,33,18,15,.545,-3.95,-4.89,,10,6,,10,4,,8,9,,75.1,72.9,,40.8,25.7,56.4,.455,9.76,25.6,.381,13.9,18.8,.742,8.42,31.8,14.0,6.91,2.09,12.2,16.8
116,Harvard,31,19,12,.613,1.86,0.66,,10,4,,9,2,,8,9,,71.7,70.1,,40.8,25.4,55.2,.460,8.39,23.3,.360,12.5,17.4,.721,9.29,36.1,11.9,5.61,3.97,15.8,17.9
117,Hawaii,31,18,13,.581,-1.30,-3.61,,9,7,,12,5,,4,5,,72.3,68.7,,40.3,25.4,56.3,.451,8.58,24.2,.354,12.9,18.6,.693,8.97,34.0,15.4,5.03,2.13,11.9,17.9
118,High Point,31,16,15,.516,-5.63,-4.39,,9,7,,9,4,,5,8,,68.2,67.9,,40.5,24.6,55.5,.444,5.81,18.8,.309,13.2,19.5,.676,11.7,38.2,13.0,5.48,2.94,13.1,16.2
119,Hofstra,35,27,8,.771,4.68,-4.53,,15,3,,15,1,,10,6,,83.4,72.9,,41.1,28.5,58.7,.486,8.80,22.9,.385,17.6,21.9,.802,8.71,33.4,14.1,6.51,3.49,9.77,15.0
120,Holy Cross,33,16,17,.485,-6.43,-4.01,,6,12,,8,6,,6,11,,67.2,69.6,,40.5,25.7,55.6,.462,7.18,20.3,.354,8.58,12.8,.667,6.67,27.8,15.5,7.30,3.85,10.6,14.6
121,Houston Baptist,30,12,18,.400,-9.36,-5.53,,8,10,,9,4,,3,13,,82.2,82.8,,40.8,28.8,63.2,.456,6.67,19.6,.340,17.8,26.4,.675,13.6,38.1,15.0,7.80,1.80,14.7,19.8
122,Houston NCAA,37,33,4,.892,18.91,4.61,,16,2,,19,1,,10,1,,75.3,61.0,,40.0,26.5,59.5,.446,9.00,25.4,.355,13.2,18.8,.703,12.1,40.6,14.8,6.49,4.35,11.1,19.1
123,Howard,34,17,17,.500,-12.30,-9.52,,10,6,,6,8,,9,8,,78.9,78.3,,40.3,27.6,63.6,.433,7.18,19.7,.365,16.6,22.9,.726,11.6,36.9,13.6,5.82,4.24,12.6,19.2
124,Idaho State,30,11,19,.367,-13.17,-4.81,,7,13,,6,7,,5,11,,73.3,79.0,,40.0,26.0,58.1,.447,9.13,25.1,.364,12.2,16.6,.735,9.17,32.5,12.8,5.13,2.93,12.0,16.6
125,Idaho,32,5,27,.156,-18.74,-6.19,,2,18,,4,11,,1,13,,67.9,76.9,,40.2,24.3,55.1,.441,7.84,21.2,.370,11.5,15.8,.724,8.06,33.2,12.5,4.06,1.66,13.5,18.2
126,Illinois-Chicago,32,16,16,.500,-3.15,-1.99,,10,8,,12,4,,4,12,,74.7,74.5,,40.5,27.0,58.8,.459,9.47,26.8,.354,11.2,16.4,.682,8.47,34.6,14.9,6.56,3.88,14.3,21.4
127,Illinois State,33,17,16,.515,-2.06,0.25,,9,9,,12,4,,2,10,,68.4,70.1,,40.3,24.6,57.2,.431,7.39,22.2,.332,11.7,16.4,.717,9.03,34.5,12.8,4.91,3.21,12.6,17.5
128,Illinois,33,12,21,.364,8.95,11.53,,7,13,,9,6,,1,9,,72.7,75.2,,40.5,26.1,60.6,.431,7.85,22.8,.345,12.6,17.9,.702,10.6,33.1,13.5,7.42,2.61,13.2,21.2
129,Incarnate Word,31,6,25,.194,-18.93,-5.11,,1,17,,5,9,,0,14,,65.9,76.0,,40.5,22.9,49.3,.466,5.61,16.4,.343,14.5,17.8,.810,6.58,27.3,11.4,5.94,1.71,16.3,19.1
130,Indiana State,31,15,16,.484,-2.72,0.62,,7,11,,9,5,,4,9,,69.2,71.5,,40.3,24.4,55.5,.440,5.74,15.8,.363,14.6,20.0,.731,8.06,32.5,11.0,6.68,2.35,13.0,18.9
131,Indiana,35,19,16,.543,13.82,10.10,,8,12,,15,6,,3,9,,71.5,67.8,,40.6,26.3,57.4,.457,6.03,19.3,.312,13.0,19.9,.655,9.74,36.3,13.4,6.46,4.40,12.4,17.0
132,Iona NCAA,33,17,16,.515,-4.78,-5.50,,12,6,,8,3,,5,9,,76.7,76.0,,40.0,26.0,57.5,.452,9.00,25.6,.351,15.8,21.2,.745,8.58,34.9,13.1,6.76,2.73,12.3,17.1
133,Iowa State NCAA,35,23,12,.657,18.07,9.30,,9,9,,12,4,,5,6,,76.9,68.1,,40.0,27.8,58.5,.476,8.40,23.2,.363,12.9,17.6,.732,9.34,35.1,15.1,7.06,4.57,10.8,14.8
134,Iowa NCAA,35,23,12,.657,14.27,9.84,,10,10,,14,4,,4,6,,78.3,73.9,,40.4,26.1,57.3,.456,8.14,22.3,.364,17.9,24.3,.739,10.2,35.6,15.5,6.03,3.20,12.2,16.1
135,Purdue-Fort Wayne,33,18,15,.545,-3.47,-3.60,,9,7,,11,5,,6,9,,82.7,77.5,,40.3,30.0,62.4,.481,10.9,28.8,.379,11.7,16.9,.693,8.21,34.5,15.9,7.48,4.79,12.0,15.0
136,IUPUI,33,16,17,.485,-2.72,-3.04,,8,10,,11,4,,3,13,,76.0,73.6,,40.0,27.0,59.7,.453,7.09,21.1,.337,14.9,21.2,.702,12.2,37.4,14.3,6.91,3.12,14.0,17.5
137,Jackson State,32,13,19,.406,-14.60,-9.33,,10,8,,9,4,,3,14,,61.7,65.8,,40.2,22.4,55.4,.404,4.84,17.3,.280,12.0,19.0,.634,10.3,35.2,11.2,6.53,3.88,13.6,20.1
138,Jacksonville State,33,24,9,.727,1.59,-5.47,,15,3,,11,1,,10,7,,78.0,69.2,,40.8,28.9,62.5,.462,6.06,19.2,.315,14.2,19.1,.743,12.1,39.7,13.7,7.42,4.18,13.3,16.8
139,Jacksonville,32,12,20,.375,-8.27,-4.74,,5,11,,5,8,,6,11,,74.5,75.1,,40.2,27.8,61.0,.455,6.66,20.2,.330,12.3,18.2,.677,10.3,36.3,14.3,6.66,5.19,14.5,16.3
140,James Madison,33,14,19,.424,-8.52,-4.07,,6,12,,8,6,,4,11,,70.4,73.0,,40.9,24.9,56.3,.442,7.36,20.3,.363,13.2,18.4,.720,10.5,34.0,12.2,6.39,3.06,12.7,18.5
141,Kansas State NCAA,34,25,9,.735,15.39,9.18,,14,4,,13,2,,7,5,,65.8,59.6,,40.0,23.7,55.2,.429,7.09,21.2,.334,11.3,16.9,.667,9.56,33.4,13.6,7.53,2.24,11.3,16.2
142,Kansas NCAA,36,26,10,.722,18.35,12.79,,12,6,,16,0,,3,8,,75.7,70.1,,40.4,27.5,59.1,.465,7.22,20.6,.350,13.5,19.2,.705,10.4,38.2,13.3,6.75,3.86,13.1,16.9
143,Kennesaw State,32,6,26,.188,-16.17,-1.04,,3,13,,6,8,,0,15,,63.4,76.7,,40.2,23.2,60.8,.381,4.25,13.7,.311,12.8,18.4,.695,11.6,36.3,11.3,5.78,3.31,13.7,16.4
144,Kent State,33,22,11,.667,1.26,0.61,,11,7,,14,3,,8,7,,75.2,73.2,,40.3,26.6,61.6,.432,7.91,23.5,.337,14.1,19.4,.724,12.5,35.9,13.0,6.85,3.61,11.5,18.2
145,Kentucky NCAA,37,30,7,.811,21.43,10.29,,15,3,,17,1,,8,2,,75.8,64.7,,40.3,26.4,55.4,.477,5.81,16.4,.354,17.2,23.2,.739,11.5,38.6,13.5,5.95,4.76,12.6,16.2
146,La Salle,31,10,21,.323,-3.61,1.29,,8,10,,5,9,,3,8,,67.5,72.4,,40.0,23.2,58.0,.400,8.35,25.3,.331,12.7,16.5,.770,10.6,34.2,12.6,7.42,3.16,14.0,20.3
147,Lafayette,30,10,20,.333,-11.17,-4.93,,7,11,,4,11,,6,9,,73.6,78.3,,40.7,26.7,59.5,.449,9.33,24.5,.380,10.8,14.6,.744,7.77,33.5,14.0,5.27,4.20,13.4,17.2
148,Lamar,33,20,13,.606,-5.94,-7.22,,12,6,,13,2,,6,10,,78.7,70.4,,40.6,27.3,59.9,.456,6.91,20.1,.343,17.1,24.9,.687,13.5,38.8,14.6,8.58,2.94,14.3,18.8
149,Lehigh,31,20,11,.645,-2.34,-4.46,,12,6,,11,3,,9,8,,80.0,77.8,,40.3,27.6,57.3,.482,9.26,21.9,.423,15.5,20.0,.774,7.48,35.6,15.2,5.52,2.29,13.5,18.4
150,Liberty NCAA,36,29,7,.806,5.27,-3.88,,14,2,,16,1,,11,3,,73.7,61.4,,40.0,26.8,54.9,.487,8.94,24.3,.369,11.3,14.6,.775,7.50,32.6,14.8,6.19,2.67,11.0,15.1
151,Lipscomb,37,29,8,.784,9.21,-1.20,,14,2,,14,3,,14,4,,83.1,70.2,,40.0,28.9,60.3,.480,8.84,23.7,.373,16.4,21.6,.758,8.89,37.2,17.7,7.24,2.92,13.2,17.1
152,Cal State Long Beach,34,15,19,.441,-4.57,-0.44,,8,8,,9,5,,4,12,,74.9,76.0,,40.4,25.8,59.7,.432,6.38,18.5,.344,16.9,24.4,.691,11.1,37.1,11.7,6.44,3.09,14.1,18.2
153,Long Island University,32,16,16,.500,-8.99,-9.08,,9,9,,8,5,,7,9,,74.2,73.0,,40.2,25.7,58.8,.437,8.66,25.4,.341,14.1,20.1,.703,10.0,37.4,13.4,6.81,4.91,14.7,19.1
154,Longwood,34,16,18,.471,-8.43,-6.62,,5,11,,10,5,,5,12,,70.8,70.8,,40.4,23.6,55.1,.428,9.79,27.6,.355,13.8,18.8,.732,8.35,35.1,11.8,6.18,2.09,14.0,18.4
155,Louisiana,32,19,13,.594,-2.07,-1.51,,10,8,,10,4,,7,7,,81.6,80.5,,40.3,28.2,63.3,.445,8.84,25.7,.345,16.5,22.2,.742,11.4,35.7,15.2,7.06,3.91,13.2,19.1
156,Louisiana-Monroe,35,19,16,.543,0.81,-1.96,,9,9,,14,3,,4,12,,79.2,75.3,,40.7,26.3,58.0,.454,10.1,25.5,.396,16.5,21.1,.782,9.06,33.6,14.2,5.89,2.23,11.4,15.6
157,Louisiana State NCAA,35,28,7,.800,16.50,9.16,,16,2,,15,2,,9,1,,80.4,73.1,,41.0,28.2,61.8,.457,6.74,21.1,.319,17.2,22.9,.752,13.1,38.7,12.9,8.80,4.23,12.9,18.1
158,Louisiana Tech,33,20,13,.606,0.95,-2.31,,9,9,,15,1,,4,10,,72.3,67.7,,40.5,25.5,58.4,.436,7.67,22.9,.335,13.7,20.9,.657,11.2,36.5,13.3,5.76,3.48,11.7,16.2
159,Louisville NCAA,34,20,14,.588,17.28,11.04,,10,8,,14,4,,5,6,,74.6,68.4,,40.6,25.1,57.9,.434,8.65,25.3,.342,15.7,20.2,.777,10.1,38.1,13.5,4.38,2.91,12.1,17.4
160,Loyola (IL),34,20,14,.588,3.99,-0.16,,12,6,,13,4,,5,7,,65.6,60.8,,40.0,24.4,49.6,.493,6.06,16.6,.366,10.7,16.0,.666,5.59,29.8,13.8,6.47,2.29,12.0,13.9
161,Loyola Marymount,34,22,12,.647,2.93,0.90,,8,8,,12,4,,8,7,,67.0,62.5,,40.0,24.0,52.9,.454,4.79,15.0,.320,14.1,19.0,.746,9.24,32.3,13.5,7.35,3.00,12.5,17.7
162,Loyola (MD),32,11,21,.344,-9.13,-4.60,,7,11,,7,5,,3,16,,72.9,77.4,,40.5,26.3,57.4,.459,6.56,19.3,.341,13.7,19.3,.710,9.13,31.2,14.0,8.69,2.28,13.9,17.9
163,Maine,32,5,27,.156,-15.11,-4.21,,3,13,,3,9,,2,18,,62.1,71.0,,40.9,23.3,54.0,.432,6.28,20.2,.311,9.16,14.1,.648,8.75,31.7,14.7,7.47,2.94,14.4,17.7
164,Manhattan,32,11,21,.344,-12.89,-7.32,,8,10,,4,9,,4,11,,57.3,62.8,,40.2,20.3,50.3,.405,6.84,20.7,.331,9.75,16.7,.584,10.2,32.1,11.3,6.91,2.44,15.2,21.0
165,Marist,31,12,19,.387,-9.49,-7.53,,7,11,,4,7,,6,11,,67.3,69.3,,40.3,23.8,53.1,.449,7.90,21.8,.363,11.7,17.1,.685,7.77,31.2,12.2,5.55,1.71,12.5,18.8
166,Marquette NCAA,34,24,10,.706,14.78,6.96,,12,6,,16,3,,6,4,,77.3,69.5,,40.4,26.3,57.9,.454,9.38,24.2,.388,15.4,20.4,.757,9.74,38.0,13.4,4.94,4.26,13.7,18.7
167,Marshall,37,23,14,.622,-0.64,-0.61,,11,7,,16,3,,6,10,,80.5,80.5,,40.4,28.3,64.0,.442,9.78,28.6,.342,14.1,19.5,.722,8.62,34.1,14.2,9.03,4.59,12.2,17.9
168,Maryland-Baltimore County,34,21,13,.618,-5.85,-5.85,,11,5,,13,4,,6,8,,67.5,64.0,,41.2,24.1,55.7,.433,7.68,23.7,.323,11.6,16.9,.689,8.71,33.7,13.3,7.88,2.44,12.6,17.0
169,Maryland-Eastern Shore,32,7,25,.219,-24.21,-7.91,,5,11,,5,7,,2,17,,57.3,71.6,,40.2,20.8,53.3,.391,5.38,19.1,.282,10.3,15.3,.673,8.25,30.9,11.3,5.81,2.19,13.5,18.0
170,Maryland NCAA,34,23,11,.676,16.01,10.09,,13,7,,15,3,,6,5,,71.4,65.5,,40.0,25.2,56.1,.449,7.26,20.8,.349,13.7,18.4,.743,11.1,39.3,13.1,4.35,4.79,12.9,15.5
171,Massachusetts-Lowell,32,15,17,.469,-8.28,-6.95,,7,9,,8,5,,5,12,,76.8,75.6,,40.3,27.3,57.9,.472,7.69,22.5,.341,14.4,20.0,.720,9.16,34.8,15.6,5.66,2.66,14.0,18.4
172,Massachusetts,32,11,21,.344,-3.02,-0.18,,4,14,,9,8,,1,11,,70.7,73.6,,40.3,25.3,57.2,.441,8.00,22.9,.350,12.2,17.9,.681,10.7,35.1,14.6,4.81,2.91,13.9,20.1
173,McNeese State,31,9,22,.290,-14.41,-6.15,,5,13,,7,8,,2,14,,69.3,74.3,,40.2,24.5,54.1,.453,5.42,17.7,.307,14.9,20.9,.713,10.0,34.0,13.8,4.74,3.13,14.5,15.1
174,Memphis,36,22,14,.611,10.70,5.09,,11,7,,17,2,,3,8,,80.1,74.4,,40.3,28.1,62.2,.453,7.22,22.4,.322,16.6,23.2,.714,12.1,37.7,15.4,8.00,4.00,14.9,20.5
175,Mercer,31,11,20,.355,-2.86,-0.24,,6,12,,9,6,,2,12,,72.5,72.5,,40.2,25.4,56.3,.451,7.35,21.4,.344,14.4,20.9,.688,9.90,34.1,12.7,6.68,2.58,13.1,18.0
176,Miami (FL),32,14,18,.438,9.39,8.70,,5,13,,11,5,,0,10,,71.8,71.1,,40.2,25.2,57.8,.435,8.38,25.2,.333,13.1,17.8,.735,9.09,33.2,12.9,6.63,3.13,11.6,14.5
177,Miami (OH),32,15,17,.469,0.77,2.31,,7,11,,10,5,,4,10,,70.8,69.8,,40.2,24.3,57.7,.421,8.41,26.0,.323,13.9,19.6,.709,11.0,37.2,10.9,6.06,2.72,12.9,18.2
178,Michigan State NCAA,39,32,7,.821,24.93,12.34,,16,4,,15,1,,8,4,,77.6,65.0,,40.3,27.5,57.2,.480,8.18,21.6,.378,14.5,19.2,.753,10.6,40.5,18.3,5.15,5.26,12.6,16.6
179,Michigan NCAA,37,30,7,.811,21.82,10.55,,15,5,,17,1,,7,4,,69.6,58.3,,40.0,25.4,56.8,.448,7.76,22.7,.342,11.0,15.6,.701,8.08,35.3,13.8,6.08,4.03,9.03,13.9
180,Middle Tennessee,32,11,21,.344,-6.09,1.44,,8,10,,9,5,,2,11,,66.9,72.3,,40.0,24.3,58.1,.419,6.63,20.3,.326,11.7,17.2,.677,11.9,38.4,11.0,5.94,2.66,16.0,18.2
181,Milwaukee,31,9,22,.290,-8.90,-2.50,,4,14,,6,8,,3,12,,69.2,74.7,,40.2,24.7,58.7,.420,7.65,22.3,.342,12.2,16.4,.746,9.29,35.3,11.5,4.68,3.03,12.3,18.7
182,Minnesota NCAA,36,22,14,.611,12.52,11.27,,9,11,,14,3,,2,9,,70.6,69.4,,40.1,24.6,56.6,.435,5.31,16.8,.317,16.1,23.6,.682,11.2,36.5,14.5,4.86,3.89,11.6,16.1
183,Mississippi State NCAA,34,23,11,.676,15.96,9.07,,10,8,,14,3,,5,5,,77.3,70.4,,40.3,27.5,58.3,.472,8.59,22.8,.377,13.6,19.0,.717,11.6,35.7,14.1,8.06,5.06,13.3,17.2
184,Mississippi Valley State,32,6,26,.188,-22.47,-6.99,,4,14,,6,6,,0,20,,64.3,78.1,,40.2,22.8,60.1,.380,5.38,17.3,.310,13.3,20.2,.658,11.8,36.4,11.3,5.50,2.19,13.0,17.8
185,Mississippi NCAA,33,20,13,.606,12.32,8.13,,10,8,,11,5,,6,5,,75.3,71.1,,40.2,26.5,57.8,.460,8.24,23.0,.358,14.0,17.8,.783,9.76,34.2,14.4,7.12,3.58,12.6,18.3
186,Missouri-Kansas City,32,11,21,.344,-6.61,-1.55,,6,10,,8,5,,3,13,,69.4,73.2,,40.3,24.2,56.1,.431,8.09,22.8,.356,12.9,18.4,.700,8.16,30.2,11.0,7.28,2.81,12.2,20.2
187,Missouri State,32,16,16,.500,-1.20,-1.03,,10,8,,11,4,,5,9,,68.9,67.4,,40.2,24.2,53.6,.452,7.00,20.3,.345,13.6,19.6,.692,8.44,31.3,11.1,6.91,3.97,12.0,16.9
188,Missouri,32,15,17,.469,8.60,9.16,,5,13,,9,7,,2,8,,67.2,67.8,,40.3,23.7,55.1,.430,8.25,22.7,.363,11.6,16.4,.703,10.8,35.3,11.1,4.66,1.66,14.0,19.5
189,Monmouth,35,14,21,.400,-10.66,-4.83,,10,8,,6,6,,5,11,,65.3,71.1,,40.6,22.7,54.7,.415,4.80,16.1,.297,15.1,22.1,.686,10.3,35.0,10.8,6.77,2.89,14.3,19.9
190,Montana State,32,15,17,.469,-7.91,-5.81,,11,9,,9,4,,4,12,,78.2,79.8,,40.0,26.8,58.8,.456,9.56,25.6,.374,15.0,20.3,.737,9.13,33.8,15.3,5.28,1.44,12.3,17.7
191,Montana NCAA,35,26,9,.743,1.50,-5.05,,16,4,,12,2,,9,5,,76.1,68.5,,40.1,27.9,56.7,.492,8.20,21.8,.376,12.2,17.7,.689,8.37,33.6,14.6,6.54,3.03,11.9,18.7
192,Morehead State,33,13,20,.394,-7.73,-1.76,,8,10,,7,7,,4,11,,73.7,77.1,,40.5,25.9,60.4,.429,7.88,23.1,.341,14.0,19.8,.705,10.8,35.7,13.3,5.64,4.15,12.2,17.0
193,Morgan State,30,9,21,.300,-15.98,-10.70,,4,12,,6,7,,2,13,,72.0,76.8,,40.3,25.3,64.0,.395,5.60,17.4,.322,15.9,22.3,.713,13.2,35.9,12.1,7.67,1.60,13.4,20.5
194,Mount St. Mary's,31,9,22,.290,-14.57,-6.02,,6,12,,4,9,,5,13,,67.5,73.7,,40.0,23.6,56.6,.418,7.19,23.3,.308,13.0,19.2,.678,9.45,33.4,11.4,4.71,3.45,13.2,18.6
195,Murray State NCAA,33,28,5,.848,8.96,-3.11,,16,2,,15,1,,10,3,,82.6,68.3,,40.0,29.9,60.8,.492,7.82,22.2,.353,14.9,20.4,.733,10.6,37.8,17.9,7.55,4.52,12.2,16.0
196,Navy,31,12,19,.387,-10.09,-4.00,,8,10,,8,6,,4,13,,66.5,72.6,,40.0,23.6,57.6,.410,6.71,21.2,.317,12.5,17.5,.715,11.6,37.4,12.9,5.39,1.87,14.1,17.2
197,Omaha,32,21,11,.656,-2.32,-3.39,,13,3,,10,2,,9,8,,78.8,76.7,,40.3,29.7,62.4,.475,8.81,22.5,.392,10.7,14.8,.721,8.53,32.7,12.8,5.63,1.91,9.50,15.2
198,Nebraska,36,19,17,.528,14.85,11.31,,6,14,,13,5,,2,10,,71.8,67.3,,40.1,25.4,59.3,.429,7.50,22.2,.338,13.4,19.3,.697,10.5,35.5,12.9,7.22,4.19,9.58,16.1
199,Nevada-Las Vegas,31,17,14,.548,1.58,0.48,,11,7,,10,6,,6,5,,73.4,72.3,,40.3,25.5,59.7,.427,8.10,24.0,.337,14.3,20.9,.685,13.2,38.8,12.9,5.94,3.71,12.9,17.9
200,Nevada NCAA,34,29,5,.853,16.00,2.68,,15,3,,15,0,,9,3,,80.1,66.8,,40.0,27.2,58.8,.462,8.74,25.1,.347,17.0,24.0,.708,9.56,37.5,14.6,6.21,3.94,10.4,17.2
201,New Hampshire,29,5,24,.172,-18.66,-6.03,,3,13,,4,10,,1,14,,60.1,68.6,,40.0,21.5,57.1,.376,9.00,27.1,.332,8.10,13.3,.610,8.97,34.0,11.2,4.00,1.83,12.3,18.4
202,New Mexico State NCAA,35,30,5,.857,10.05,-2.38,,15,1,,16,1,,10,1,,78.1,64.5,,40.1,27.5,59.8,.460,9.31,27.9,.334,13.8,20.4,.678,12.7,38.4,14.7,5.63,2.60,12.0,18.1
203,New Mexico,32,14,18,.438,-0.55,1.61,,7,11,,9,7,,4,9,,76.3,76.7,,40.0,25.4,60.2,.422,9.13,26.4,.346,16.3,23.3,.702,11.0,37.5,13.9,6.88,3.34,14.2,19.6
204,New Orleans,33,19,14,.576,-8.88,-6.47,,12,6,,12,4,,5,9,,72.2,70.5,,40.8,26.1,58.8,.444,5.73,17.2,.334,14.3,20.6,.692,11.9,35.3,15.1,8.64,4.06,15.7,19.1
205,Niagara,32,13,19,.406,-11.33,-7.77,,6,12,,8,8,,5,10,,72.4,76.0,,40.2,24.8,59.0,.421,8.28,23.1,.359,14.5,19.7,.736,9.84,35.7,10.7,4.00,3.97,12.2,16.0
206,Nicholls State,31,14,17,.452,-11.87,-6.98,,7,11,,9,4,,3,13,,72.9,74.3,,40.3,26.0,61.7,.422,10.5,28.5,.367,10.4,13.5,.770,9.03,33.6,13.8,6.71,4.13,12.5,18.9
207,NJIT,35,22,13,.629,-3.63,-4.74,,8,8,,11,5,,11,8,,70.6,68.6,,40.3,24.3,54.7,.444,7.03,20.4,.345,15.1,20.9,.721,7.14,33.7,10.7,6.37,2.69,12.0,16.6
208,Norfolk State,36,22,14,.611,-8.04,-8.74,,14,2,,11,2,,9,8,,73.7,69.5,,40.6,25.0,57.8,.433,7.83,21.4,.366,15.8,22.3,.710,10.2,36.6,12.7,6.08,4.28,14.5,21.2
209,North Alabama,32,10,22,.313,-11.00,-1.69,,7,9,,8,4,,2,18,,67.0,73.7,,40.2,23.3,59.8,.389,7.50,25.2,.298,13.0,19.3,.674,11.0,36.6,10.4,6.53,2.31,13.6,19.2
210,North Carolina-Asheville,31,4,27,.129,-19.81,-2.35,,2,14,,3,10,,1,15,,59.9,74.6,,40.2,21.1,52.5,.403,7.19,22.2,.325,10.5,14.1,.741,9.61,30.0,10.7,6.32,2.77,14.7,17.2
211,North Carolina A&T,32,19,13,.594,-11.24,-9.88,,13,3,,11,2,,7,10,,70.0,69.0,,40.3,25.8,56.2,.459,7.09,20.3,.350,11.4,17.1,.664,9.09,33.1,14.1,6.72,3.38,13.0,16.1
212,North Carolina Central NCAA,34,18,16,.529,-11.53,-11.24,,10,6,,10,2,,4,12,,71.4,66.6,,40.1,25.7,56.5,.455,6.50,20.4,.319,13.5,18.9,.718,11.7,37.2,15.5,6.09,2.74,15.1,17.9
213,North Carolina-Greensboro,36,29,7,.806,4.08,-0.90,,15,3,,15,2,,11,4,,76.1,67.9,,40.1,27.7,60.7,.457,7.78,22.7,.342,12.9,18.5,.697,11.1,34.8,12.6,8.75,3.89,11.8,17.5
214,North Carolina State,36,24,12,.667,14.94,6.22,,9,9,,17,5,,4,6,,80.1,71.3,,40.3,29.5,64.4,.458,8.11,23.1,.352,13.0,18.4,.708,13.5,38.6,15.0,7.14,3.83,12.5,19.2
215,North Carolina-Wilmington,33,10,23,.303,-8.10,-2.04,,5,13,,5,9,,2,12,,76.2,80.9,,40.5,26.7,60.2,.443,7.88,22.5,.349,14.9,20.4,.733,11.7,37.0,15.0,4.55,2.06,13.2,17.7
216,North Carolina NCAA,36,29,7,.806,23.94,11.35,,16,2,,14,2,,11,1,,85.8,73.2,,40.1,31.1,66.9,.464,8.67,23.9,.362,15.0,20.2,.743,13.3,44.1,18.8,7.00,3.33,13.1,17.0
217,North Dakota State NCAA,35,19,16,.543,-4.01,-2.07,,9,7,,10,3,,4,9,,73.0,72.6,,40.3,25.0,55.0,.454,9.49,26.0,.365,13.6,17.5,.777,6.54,31.6,11.5,4.57,2.49,10.5,14.9
218,North Dakota,30,12,18,.400,-8.78,-3.55,,6,10,,8,6,,4,11,,74.0,73.2,,40.0,27.4,59.0,.464,8.03,21.6,.372,11.2,16.1,.695,7.77,33.6,13.3,5.70,2.90,12.7,16.2
219,North Florida,33,16,17,.485,-3.47,-0.70,,9,7,,10,3,,5,13,,75.3,76.7,,40.2,27.3,61.0,.448,9.33,27.2,.343,11.3,16.3,.692,11.0,37.9,15.8,6.42,5.00,16.2,17.4
220,North Texas,33,21,12,.636,-0.25,-3.48,,8,10,,12,4,,6,7,,69.8,62.9,,40.2,25.2,57.9,.435,8.61,25.4,.339,10.8,16.1,.669,11.2,37.7,13.0,6.36,2.67,13.4,17.8
221,Northeastern NCAA,34,23,11,.676,3.95,-0.70,,14,4,,11,2,,8,6,,75.4,70.8,,40.7,25.9,54.4,.476,9.65,25.2,.382,14.0,18.6,.751,6.97,31.6,14.1,6.21,2.18,11.2,15.9
222,Northern Arizona,31,10,21,.323,-10.75,-6.23,,8,12,,5,7,,5,13,,73.0,77.5,,40.3,25.3,58.7,.432,8.35,24.2,.346,14.0,19.8,.705,9.35,34.0,12.3,6.32,2.10,12.0,17.3
223,Northern Colorado,32,21,11,.656,-3.92,-6.76,,15,5,,10,3,,11,5,,76.6,69.7,,40.5,26.5,57.4,.462,9.59,26.5,.362,13.9,19.8,.703,9.66,35.3,13.2,5.50,3.16,12.4,16.8
224,Northern Illinois,34,17,17,.500,2.58,1.11,,8,10,,10,6,,5,9,,73.7,71.0,,40.4,27.6,58.7,.471,6.74,18.9,.357,11.7,16.0,.731,8.94,34.7,11.0,5.53,2.21,11.9,19.2
225,Northern Iowa,34,16,18,.471,-1.54,0.62,,9,9,,9,5,,3,9,,65.1,65.6,,40.0,22.6,54.3,.416,8.12,23.3,.348,11.8,15.8,.747,7.71,32.8,10.9,4.85,2.21,11.6,16.3
226,Northern Kentucky NCAA,35,26,9,.743,4.67,-2.39,,13,5,,17,1,,7,7,,78.5,68.9,,40.3,28.0,58.5,.478,8.74,24.1,.363,13.8,20.7,.666,10.4,37.1,16.9,6.23,3.97,12.6,19.0
227,Northwestern State,31,11,20,.355,-17.06,-5.99,,6,12,,8,7,,3,13,,66.2,73.5,,40.3,23.4,57.7,.405,6.13,20.8,.294,13.3,19.5,.680,11.4,35.6,11.0,6.19,4.45,16.0,18.6
228,Northwestern,32,13,19,.406,9.97,9.16,,4,16,,10,8,,1,9,,65.9,65.1,,40.3,23.0,57.1,.402,7.28,23.3,.313,12.7,17.2,.735,8.69,33.9,14.1,5.50,4.19,10.9,18.2
229,Notre Dame,33,14,19,.424,7.97,8.28,,3,15,,11,8,,1,9,,68.7,69.0,,40.0,23.5,59.8,.393,8.24,26.2,.315,13.4,18.0,.744,11.2,36.6,12.8,5.42,4.48,9.27,13.8
230,Oakland,33,16,17,.485,-2.27,-1.48,,11,7,,10,6,,6,10,,76.8,76.2,,40.2,26.2,56.3,.465,9.52,24.7,.385,14.9,20.1,.742,8.33,32.2,17.6,5.79,3.00,12.9,16.2
231,Ohio State NCAA,35,20,15,.571,13.89,11.00,,8,12,,12,6,,4,7,,69.1,66.2,,40.1,24.0,55.2,.434,7.54,22.1,.341,13.6,18.6,.734,9.37,34.7,14.1,5.89,2.43,12.5,17.8
232,Ohio,31,14,17,.452,-1.84,3.16,,6,12,,11,5,,3,10,,70.1,73.8,,40.5,25.9,59.3,.437,6.03,20.4,.295,12.3,19.4,.633,10.7,37.2,14.5,6.45,3.71,14.5,16.3
233,Oklahoma State,32,12,20,.375,8.09,11.53,,5,13,,8,7,,2,10,,68.1,71.5,,40.2,23.8,56.1,.423,8.75,23.5,.372,11.8,17.2,.689,9.22,34.2,13.2,5.72,4.34,12.1,16.1
234,Oklahoma NCAA,34,20,14,.588,15.30,12.21,,7,11,,11,4,,5,7,,71.3,68.2,,40.1,26.0,58.1,.447,6.65,19.2,.346,12.7,18.2,.697,8.97,37.1,12.6,5.97,3.00,11.8,15.5
235,Old Dominion NCAA,35,26,9,.743,3.74,-1.18,,13,5,,14,2,,8,4,,65.7,60.8,,40.0,23.5,57.9,.406,7.54,21.6,.349,11.1,16.7,.663,11.9,39.0,12.5,5.63,4.57,11.7,16.6
236,Oral Roberts,32,11,21,.344,-9.34,-1.91,,7,9,,7,6,,3,13,,72.3,77.6,,40.2,26.7,58.6,.456,8.31,22.9,.362,10.6,15.4,.691,10.5,35.8,13.6,4.75,3.34,14.0,18.0
237,Oregon State,31,18,13,.581,7.84,4.29,,10,8,,10,5,,6,5,,73.4,69.8,,40.3,25.8,55.7,.463,6.55,20.4,.321,15.2,20.5,.742,10.0,35.2,15.0,5.97,5.29,12.4,17.3
238,Oregon NCAA,38,25,13,.658,13.95,6.13,,10,8,,13,4,,5,7,,70.0,62.2,,40.3,25.2,55.9,.451,7.76,22.1,.351,11.8,16.4,.721,9.50,34.4,13.2,7.63,4.26,11.6,17.5
239,Pacific,32,14,18,.438,-2.46,1.97,,4,12,,9,7,,5,10,,66.8,70.0,,40.3,22.2,52.5,.422,6.19,17.7,.350,16.3,21.8,.745,8.91,32.5,10.2,6.22,1.44,13.2,19.7
240,Penn State,32,14,18,.438,12.55,11.51,,7,13,,9,6,,3,9,,69.7,68.6,,40.5,24.7,59.3,.417,6.94,21.7,.320,13.3,19.2,.693,11.9,36.7,12.2,7.66,3.81,12.5,18.7
241,Pennsylvania,31,19,12,.613,2.04,-0.76,,7,7,,10,4,,8,5,,72.6,68.3,,40.8,26.5,58.4,.454,9.10,25.9,.351,10.5,16.5,.638,8.71,35.5,15.0,6.77,2.45,12.7,16.1
242,Pepperdine,34,16,18,.471,0.90,0.63,,6,10,,9,5,,2,11,,75.6,74.4,,40.3,25.4,57.3,.444,9.21,24.1,.382,15.6,20.5,.760,8.53,31.9,14.1,6.74,2.79,12.7,18.8
243,Pittsburgh,33,14,19,.424,7.88,6.69,,3,15,,11,7,,0,11,,69.9,68.7,,40.3,23.3,55.8,.418,6.82,20.6,.331,16.5,23.6,.697,11.6,36.7,11.7,6.88,3.82,13.6,18.5
244,Portland State,32,16,16,.500,-8.95,-5.78,,11,9,,12,4,,3,10,,77.3,75.1,,40.3,26.8,63.0,.424,7.44,24.0,.309,16.4,23.4,.702,15.3,40.1,13.6,8.25,4.06,14.0,21.3
245,Portland,32,7,25,.219,-10.80,0.51,,0,16,,6,11,,1,12,,64.9,74.7,,40.3,22.1,53.4,.414,6.75,20.8,.325,14.0,20.9,.671,7.28,32.3,11.5,5.47,3.84,13.3,18.4
246,Prairie View NCAA,35,22,13,.629,-7.29,-9.17,,17,1,,11,0,,9,12,,75.1,72.8,,40.0,25.8,58.9,.438,6.43,20.1,.320,17.0,25.0,.681,11.2,32.9,12.7,8.83,1.57,12.7,21.7
247,Presbyterian,36,20,16,.556,-3.56,-5.35,,9,7,,12,3,,8,12,,78.3,72.5,,40.1,26.8,59.7,.449,10.9,28.7,.381,13.6,18.7,.728,9.00,34.7,15.7,5.94,1.92,9.94,17.1
248,Princeton,28,16,12,.571,-3.43,-0.89,,8,6,,7,5,,8,6,,69.6,69.7,,40.5,24.5,59.5,.411,7.39,24.3,.305,13.3,17.9,.739,9.71,36.3,10.5,6.00,2.57,12.6,16.4
249,Providence,34,18,16,.529,8.29,6.71,,7,11,,11,7,,5,6,,71.4,69.8,,40.7,24.6,58.0,.423,6.62,20.3,.326,15.7,22.7,.691,11.7,36.5,14.4,7.44,4.00,13.1,17.6
250,Purdue NCAA,36,26,10,.722,21.40,11.99,,16,4,,15,0,,6,6,,76.7,67.3,,40.6,26.9,59.6,.451,10.1,27.1,.374,12.8,17.8,.719,11.7,37.3,14.4,6.11,3.97,10.6,17.4
251,Quinnipiac,31,16,15,.516,-6.78,-8.03,,11,7,,7,7,,9,6,,74.0,72.7,,41.0,23.8,55.8,.427,11.2,29.8,.377,15.1,20.8,.724,10.0,35.8,12.7,5.13,2.00,13.4,16.9
252,Radford,33,22,11,.667,1.28,-1.95,,12,4,,11,3,,9,7,,73.9,68.1,,40.3,27.1,58.7,.461,8.64,22.8,.379,11.2,15.6,.717,10.2,35.5,14.2,5.94,3.06,10.8,16.0
253,Rhode Island,33,18,15,.545,2.83,1.19,,9,9,,9,5,,5,7,,69.5,67.8,,40.5,24.9,58.0,.429,5.21,18.6,.280,14.5,21.3,.680,11.4,36.2,12.2,7.12,3.91,12.3,17.6
254,Rice,32,13,19,.406,-6.56,-2.06,,8,10,,9,7,,4,11,,74.0,77.5,,40.8,24.8,58.3,.426,8.66,24.9,.348,15.6,22.8,.686,9.88,38.2,13.3,5.34,3.25,13.7,17.8
255,Richmond,33,13,20,.394,-1.37,-0.79,,6,12,,7,10,,4,7,,70.1,70.7,,40.0,25.7,54.5,.472,7.61,21.9,.347,11.1,16.7,.661,5.94,29.0,15.7,7.55,3.06,10.2,14.8
256,Rider,31,16,15,.516,-4.96,-6.51,,11,7,,9,3,,6,10,,76.8,75.3,,40.2,27.3,61.1,.447,7.16,21.0,.341,15.0,24.4,.616,11.7,36.9,14.5,9.10,3.26,13.4,19.1
257,Robert Morris,35,18,17,.514,-9.41,-7.62,,11,7,,13,4,,5,13,,69.9,68.7,,40.6,24.6,56.9,.432,8.00,22.5,.355,12.7,18.2,.699,10.7,33.7,13.9,7.34,2.63,14.5,19.5
258,Rutgers,31,14,17,.452,8.89,9.76,,7,13,,10,7,,4,9,,67.9,68.8,,40.3,24.9,59.4,.419,6.16,19.7,.312,12.0,18.8,.637,12.6,39.0,12.6,6.48,4.00,13.2,18.3
259,Sacramento State,31,15,16,.484,-8.78,-6.78,,8,12,,9,5,,4,10,,70.9,69.5,,40.3,26.0,58.1,.448,5.65,17.0,.332,13.2,19.1,.693,9.94,33.9,13.9,7.71,3.35,13.0,18.3
260,Sacred Heart,32,15,17,.469,-7.88,-8.11,,11,7,,10,3,,4,13,,79.9,78.4,,40.2,27.7,60.2,.460,7.59,21.3,.357,17.0,22.6,.755,11.1,38.5,14.7,5.31,4.16,14.5,17.9
261,Saint Francis (PA),33,18,15,.545,-8.74,-6.16,,12,6,,12,4,,6,11,,76.3,76.1,,40.0,26.8,61.7,.435,7.70,21.9,.351,14.9,21.2,.706,13.0,37.8,12.5,6.70,2.85,12.2,18.1
262,Saint Joseph's,33,14,19,.424,-0.43,1.66,,6,12,,10,5,,2,11,,70.5,72.6,,40.2,24.0,58.9,.408,8.48,26.3,.322,14.0,18.6,.751,7.82,34.7,12.0,5.64,3.33,9.24,15.1
263,Saint Louis NCAA,36,23,13,.639,5.06,2.23,,10,8,,15,2,,4,8,,66.6,63.8,,40.0,23.8,57.0,.417,5.69,18.8,.304,13.4,22.5,.598,13.7,39.7,12.8,7.06,4.03,12.9,17.6
264,Saint Mary's (CA) NCAA,34,22,12,.647,12.58,4.40,,11,5,,14,3,,5,5,,72.4,64.3,,40.1,26.4,56.0,.472,7.44,19.7,.378,12.1,16.3,.742,9.68,34.7,10.0,5.91,2.56,10.4,16.8
265,Saint Peter's,32,10,22,.313,-12.15,-6.40,,6,12,,7,7,,2,14,,62.9,68.6,,40.8,22.1,51.2,.431,5.75,17.7,.325,12.9,17.8,.726,9.16,32.3,9.41,5.38,5.53,15.3,19.2
266,Sam Houston State,33,21,12,.636,-3.17,-5.84,,16,2,,12,2,,8,9,,75.0,69.9,,40.8,26.9,60.9,.442,9.33,25.5,.367,11.8,15.7,.753,11.2,36.1,16.8,7.33,2.85,12.5,20.0
267,Samford,33,17,16,.515,0.69,-2.03,,6,12,,11,6,,5,9,,78.3,75.4,,41.1,27.9,59.1,.472,7.70,20.8,.370,14.8,20.2,.731,9.58,37.1,14.0,7.21,3.85,14.0,17.0
268,San Diego State,34,21,13,.618,5.29,2.47,,11,7,,14,3,,4,7,,71.7,67.4,,40.0,24.9,57.1,.436,7.68,21.2,.362,14.3,20.0,.716,10.2,36.1,14.3,5.79,3.32,12.5,18.8
269,San Diego,36,21,15,.583,6.12,3.61,,7,9,,12,4,,5,9,,72.0,68.2,,40.6,25.4,55.6,.457,7.89,22.4,.351,13.3,17.8,.747,8.06,34.4,14.3,5.67,3.11,12.9,18.5
270,San Francisco,31,21,10,.677,8.56,1.13,,9,7,,13,3,,6,5,,76.1,67.8,,40.3,27.9,59.7,.467,8.32,23.5,.355,12.0,18.3,.655,11.0,36.7,14.2,6.06,3.39,10.4,17.5
271,San Jose State,31,4,27,.129,-16.37,0.59,,1,17,,4,11,,0,12,,65.9,81.7,,40.3,23.0,56.9,.404,6.77,20.7,.328,13.1,20.0,.655,10.4,36.5,13.6,4.23,1.68,15.6,17.4
272,Santa Clara,31,16,15,.516,-1.91,0.92,,8,8,,11,6,,4,6,,68.2,70.1,,40.5,23.7,53.3,.445,7.71,21.4,.360,13.1,18.3,.716,7.81,33.1,13.4,4.71,3.58,14.0,19.3
273,Savannah State,31,11,20,.355,-20.51,-9.04,,8,8,,6,5,,4,14,,76.1,86.9,,40.2,26.6,67.1,.397,11.3,38.7,.293,11.6,17.1,.676,12.4,38.3,14.9,7.55,3.10,15.4,18.2
274,Seattle,33,18,15,.545,-1.47,-3.85,,6,10,,12,6,,4,8,,73.3,69.2,,40.3,25.8,58.9,.438,7.21,19.5,.371,14.5,20.2,.716,10.2,37.0,11.7,4.27,3.58,12.2,19.9
275,Seton Hall NCAA,34,20,14,.588,10.25,8.34,,9,9,,11,4,,3,8,,73.8,71.9,,40.4,26.1,59.4,.439,7.06,21.8,.324,14.5,20.5,.706,10.6,35.7,13.5,6.91,3.88,12.4,18.8
276,Siena,33,17,16,.515,-7.90,-6.47,,11,7,,7,7,,8,7,,64.6,66.0,,40.8,23.4,53.9,.434,8.73,25.7,.339,9.06,13.3,.680,7.52,29.5,12.6,5.76,2.82,9.73,14.0
277,South Alabama,34,17,17,.500,-4.46,-2.71,,8,10,,13,6,,3,10,,72.9,72.5,,40.4,25.5,55.4,.460,8.38,22.4,.375,13.5,19.7,.686,8.47,32.2,13.9,5.91,4.15,13.4,19.1
278,South Carolina State,34,8,26,.235,-16.86,-8.30,,5,11,,5,6,,2,19,,70.2,76.3,,40.4,23.9,55.6,.429,5.68,17.1,.332,16.9,22.7,.742,11.1,33.4,11.4,4.91,1.76,14.5,19.7
279,South Carolina Upstate,32,6,26,.188,-15.30,-4.27,,1,16,,5,9,,1,15,,67.8,74.8,,40.3,24.2,58.5,.414,8.41,25.5,.329,10.9,15.4,.711,9.53,32.8,13.6,6.47,2.94,13.8,19.4
280,South Carolina,32,16,16,.500,8.34,9.63,,11,7,,11,6,,4,8,,72.7,72.4,,40.2,25.2,59.6,.423,7.56,20.7,.366,14.8,21.7,.682,12.0,36.3,12.9,6.31,4.38,13.5,19.5
281,South Dakota State,33,24,9,.727,5.92,-4.74,,14,2,,14,1,,7,6,,84.5,73.5,,40.0,29.8,59.5,.501,9.91,24.3,.408,15.0,19.2,.778,7.61,38.2,14.8,6.12,1.97,11.8,16.9
282,South Dakota,30,13,17,.433,-5.52,-3.06,,7,9,,8,6,,4,8,,70.6,71.2,,40.2,24.3,55.5,.438,7.57,22.2,.341,14.4,19.5,.740,7.30,31.4,12.7,5.50,2.27,10.8,17.6
283,South Florida,38,24,14,.632,5.96,1.69,,8,10,,18,5,,5,7,,72.4,67.2,,40.9,24.0,55.8,.430,7.16,21.6,.332,17.3,26.8,.646,13.1,39.0,13.7,8.05,3.26,15.9,20.8
284,Southeast Missouri State,31,10,21,.323,-11.32,-4.39,,5,13,,6,8,,2,13,,71.5,76.7,,40.8,25.7,58.4,.440,8.58,23.2,.370,11.5,16.7,.690,9.16,34.9,13.0,5.87,2.42,14.4,19.8
285,Southeastern Louisiana,33,17,16,.515,-7.59,-6.30,,12,6,,9,5,,7,9,,67.4,67.5,,40.0,23.2,52.6,.441,7.12,21.1,.338,13.9,19.4,.717,10.5,33.8,13.7,6.52,2.42,16.2,18.2
286,Southern California,33,16,17,.485,8.23,4.96,,8,10,,12,5,,2,9,,76.3,73.0,,40.6,28.4,61.8,.460,8.52,22.3,.382,11.0,17.1,.645,9.82,36.0,16.2,6.12,3.55,11.9,17.9
287,SIU Edwardsville,31,10,21,.323,-14.47,-5.06,,6,12,,7,8,,2,11,,73.1,81.3,,41.3,25.6,61.2,.418,6.48,21.5,.302,15.4,21.8,.703,11.3,34.8,12.3,6.39,2.26,14.1,19.7
288,Southern Illinois,32,17,15,.531,1.39,-0.17,,10,8,,9,6,,7,7,,68.6,67.0,,40.0,25.1,53.8,.466,6.66,17.8,.374,11.8,17.2,.685,9.03,33.8,13.7,6.63,4.03,14.0,14.8
289,Southern Methodist,32,15,17,.469,5.81,4.12,,6,12,,10,8,,3,7,,72.0,70.3,,40.0,26.0,58.9,.442,8.22,24.1,.341,11.7,16.3,.715,11.4,35.5,13.8,5.91,3.84,10.9,16.1
290,Southern Mississippi,33,20,13,.606,2.58,-0.83,,11,7,,11,3,,7,7,,72.5,65.5,,40.3,27.2,58.5,.466,8.33,21.6,.386,9.73,14.8,.656,8.30,35.7,16.8,7.67,3.33,10.5,15.4
291,Southern Utah,34,17,17,.500,-8.91,-6.22,,9,11,,11,4,,4,12,,75.7,75.5,,40.6,25.9,58.7,.441,8.00,23.5,.340,15.9,22.3,.712,8.29,36.8,12.5,5.85,3.35,13.7,20.5
292,Southern,32,7,25,.219,-16.79,-7.37,,6,12,,6,5,,1,18,,64.9,73.8,,40.2,23.5,53.4,.440,5.63,17.0,.331,12.3,18.4,.668,9.78,30.6,11.6,6.75,2.69,16.0,22.4
293,St. Bonaventure,34,18,16,.529,3.34,0.25,,12,6,,9,5,,6,7,,66.2,63.1,,40.7,24.1,56.3,.429,6.12,18.7,.328,11.8,15.9,.742,9.79,34.8,12.3,5.85,4.82,12.4,16.3
294,St. Francis (NY),33,17,16,.515,-10.19,-8.45,,9,9,,11,3,,6,12,,71.1,70.3,,40.2,25.5,60.3,.423,8.18,24.4,.335,11.9,17.6,.678,10.5,36.1,11.7,5.88,4.12,12.5,19.2
295,St. John's (NY) NCAA,34,21,13,.618,7.88,5.50,,8,10,,11,4,,4,7,,77.1,74.8,,40.4,27.8,61.8,.450,8.50,23.8,.357,13.1,18.2,.719,7.76,32.9,13.9,8.88,3.26,10.5,19.1
296,Stanford,31,15,16,.484,6.03,5.13,,8,10,,10,4,,4,9,,72.7,71.8,,40.2,26.1,57.5,.453,6.68,21.1,.317,13.9,20.7,.672,10.4,37.0,12.6,6.00,4.74,15.1,18.9
297,Stephen F. Austin,30,14,16,.467,-10.99,-5.92,,7,11,,10,6,,3,9,,70.2,72.0,,40.3,24.8,56.5,.439,6.70,19.6,.342,13.8,20.2,.682,10.4,33.6,11.6,6.40,3.77,14.7,19.3
298,Stetson,31,7,24,.226,-15.01,-3.46,,3,13,,7,8,,0,16,,69.4,78.4,,40.2,25.6,63.3,.405,6.94,22.1,.314,11.2,16.2,.692,11.6,35.8,13.5,6.77,3.03,12.7,17.3
299,Stony Brook,33,24,9,.727,-2.10,-6.48,,12,4,,10,4,,13,4,,71.6,66.3,,40.5,24.7,58.7,.421,7.06,21.7,.326,15.2,21.1,.721,12.4,40.8,11.3,6.33,4.30,14.5,19.1
300,Syracuse NCAA,34,20,14,.588,13.73,10.09,,10,8,,13,6,,6,4,,69.7,66.1,,40.1,23.8,56.1,.424,8.06,24.2,.333,14.1,20.6,.685,10.7,34.5,12.0,8.18,4.76,12.4,17.3
301,Temple NCAA,33,23,10,.697,8.17,4.93,,13,5,,13,2,,8,5,,74.7,71.5,,40.6,26.5,60.5,.437,7.48,22.7,.330,14.3,19.7,.727,9.58,34.4,14.4,8.61,2.21,11.2,17.6
302,Tennessee-Martin,31,12,19,.387,-10.94,-4.32,,6,12,,10,4,,1,14,,76.0,80.2,,40.3,27.5,61.8,.446,8.06,23.4,.344,12.8,17.0,.754,11.3,34.3,14.2,7.19,2.84,13.5,15.8
303,Tennessee State,30,9,21,.300,-11.62,-3.15,,6,12,,6,7,,3,14,,72.7,77.7,,40.3,25.0,58.0,.432,8.00,23.9,.335,14.7,20.9,.701,10.6,34.4,11.4,7.30,2.60,16.6,24.5
304,Tennessee Tech,31,8,23,.258,-14.76,-3.00,,4,14,,5,10,,3,13,,67.9,75.8,,40.3,23.9,57.5,.416,6.87,20.0,.344,13.1,20.8,.631,10.6,36.2,12.5,7.29,4.32,16.7,17.9
305,Tennessee NCAA,37,31,6,.838,21.55,10.16,,15,3,,18,0,,7,3,,82.0,69.7,,40.7,29.9,60.3,.496,7.08,19.3,.367,15.2,20.1,.754,10.2,37.6,17.8,5.97,5.38,11.1,17.7
306,Texas A&M-Corpus Christi,32,14,18,.438,-9.11,-5.68,,9,9,,9,7,,5,9,,66.4,66.4,,40.3,24.2,56.3,.429,6.31,19.4,.325,11.8,16.9,.695,10.9,36.2,13.2,6.16,2.81,14.3,19.1
307,Texas A&M,32,14,18,.438,7.21,8.59,,6,12,,9,8,,3,7,,70.4,71.8,,40.0,25.2,57.6,.438,6.38,20.7,.308,13.7,19.7,.693,11.6,37.3,11.8,6.72,4.44,13.9,16.3
308,Texas-Arlington,33,17,16,.515,-0.50,0.84,,12,6,,9,5,,7,10,,69.2,69.8,,40.8,23.7,57.8,.409,7.09,23.4,.303,14.8,20.0,.741,11.3,37.4,12.8,6.39,2.94,14.2,19.1
309,Texas Christian,37,23,14,.622,13.81,9.60,,7,11,,15,5,,3,7,,73.8,69.6,,40.5,26.8,58.6,.457,7.59,22.0,.346,12.7,18.6,.682,10.7,36.4,16.2,6.89,4.38,13.5,15.8
310,Texas-El Paso,29,8,21,.276,-8.23,-1.71,,3,15,,8,8,,0,13,,64.1,69.0,,40.3,22.0,54.9,.401,6.86,21.4,.321,13.2,19.9,.661,9.83,36.9,10.6,4.66,2.90,16.1,19.0
311,Texas-Rio Grande Valley,37,20,17,.541,-2.04,-1.61,,9,7,,11,9,,8,7,,71.2,70.9,,40.3,24.2,57.8,.418,5.49,17.2,.319,17.3,24.9,.694,9.68,32.8,13.6,9.32,2.84,12.7,20.6
312,Texas-San Antonio,32,17,15,.531,0.69,0.05,,11,7,,11,4,,5,7,,77.5,75.2,,40.5,28.0,64.6,.433,9.19,26.7,.344,12.3,16.8,.737,10.1,38.0,13.1,6.66,2.56,12.6,18.2
313,Texas Southern,38,24,14,.632,-5.55,-6.99,,14,4,,10,2,,13,11,,81.6,79.2,,40.8,28.5,62.6,.455,7.26,22.4,.324,17.4,26.0,.668,12.3,39.6,15.6,8.13,3.00,15.5,17.9
314,Texas State,34,24,10,.706,1.54,-3.00,,12,6,,11,4,,10,5,,72.6,64.8,,40.3,25.8,58.0,.444,7.18,21.9,.328,13.9,20.4,.683,12.0,38.0,14.5,6.88,2.47,13.4,19.6
315,Texas Tech NCAA,38,31,7,.816,22.79,9.53,,14,4,,17,1,,6,3,,72.8,59.5,,40.3,26.1,55.5,.469,7.29,20.0,.365,13.4,18.3,.732,8.29,34.1,13.6,7.32,4.89,12.0,17.4
316,Texas,37,21,16,.568,16.06,11.46,,8,10,,15,6,,2,8,,71.0,66.4,,40.4,25.1,58.0,.433,8.78,25.2,.348,12.0,17.2,.699,9.68,34.2,13.1,6.14,4.11,10.8,16.9
317,Toledo,33,25,8,.758,8.21,0.71,,13,5,,14,2,,8,5,,76.9,68.4,,40.3,27.3,60.3,.453,9.85,26.0,.378,12.4,16.1,.772,9.91,38.8,16.3,5.15,4.61,12.2,15.7
318,Towson,32,10,22,.313,-8.44,-3.57,,6,12,,5,8,,4,8,,67.8,71.7,,40.9,25.3,58.1,.435,5.63,17.2,.327,11.6,16.6,.695,12.2,37.0,9.97,4.81,2.94,12.2,17.5
319,Troy,30,12,18,.400,-6.12,-1.01,,5,13,,8,8,,4,10,,72.6,74.7,,40.3,25.8,57.3,.450,7.87,23.5,.335,13.2,18.3,.722,9.23,34.0,13.1,5.70,4.50,13.6,17.4
320,Tulane,31,4,27,.129,-6.72,3.63,,0,18,,3,12,,0,11,,67.2,77.5,,40.0,23.6,57.5,.411,6.87,21.6,.318,13.0,18.9,.689,9.61,36.5,14.3,4.74,3.52,15.1,17.3
321,Tulsa,32,18,14,.563,4.65,3.86,,8,10,,14,3,,3,8,,71.8,71.0,,40.3,24.3,54.1,.448,6.94,20.4,.340,16.3,23.5,.695,7.47,35.0,13.4,5.50,2.38,12.6,16.5
322,UCLA,33,17,16,.515,7.17,6.78,,9,9,,13,5,,3,7,,78.2,77.8,,40.5,27.8,61.0,.457,7.76,21.8,.355,14.7,23.3,.633,11.5,41.2,14.3,5.88,4.12,14.2,17.1
323,Utah State NCAA,35,28,7,.800,11.98,0.89,,15,3,,14,1,,9,4,,78.7,67.1,,40.3,27.4,58.2,.471,7.83,22.1,.355,16.0,21.3,.748,10.8,40.1,17.1,6.14,4.20,12.8,18.5
324,Utah Valley,35,25,10,.714,3.00,-2.30,,12,4,,14,1,,8,8,,77.1,70.7,,40.0,26.6,55.1,.482,8.09,21.1,.382,15.8,21.8,.725,9.09,36.3,13.8,5.74,2.54,13.9,17.5
325,Utah,31,17,14,.548,6.13,5.10,,11,7,,10,5,,6,5,,75.6,74.5,,40.2,26.0,56.0,.464,9.61,26.0,.370,14.0,19.9,.706,10.2,35.4,14.2,4.65,2.58,13.2,17.7
326,Valparaiso,33,15,18,.455,-3.38,-1.00,,7,11,,8,7,,5,8,,66.8,66.3,,40.5,24.3,54.0,.450,5.61,17.7,.316,12.6,18.0,.699,8.91,33.8,13.1,6.12,3.06,13.3,16.5
327,Vanderbilt,32,9,23,.281,3.57,7.79,,0,18,,8,10,,1,10,,68.1,72.3,,40.2,23.0,54.7,.421,7.19,23.1,.311,14.9,22.2,.673,10.2,35.6,11.6,4.81,3.94,14.2,17.8
328,Vermont NCAA,34,27,7,.794,4.88,-4.18,,14,2,,16,2,,11,4,,73.8,63.0,,40.3,25.4,55.5,.458,8.03,22.4,.359,14.9,19.9,.748,8.94,35.1,11.7,5.53,4.00,11.1,16.7
329,Villanova NCAA,36,26,10,.722,14.33,7.97,,13,5,,13,2,,5,6,,73.7,67.4,,40.4,24.6,56.1,.438,10.6,30.0,.352,14.1,19.3,.728,10.2,34.8,14.0,5.39,2.94,10.8,16.1
330,Virginia Commonwealth NCAA,33,25,8,.758,11.96,2.87,,16,2,,16,1,,8,4,,71.0,61.9,,40.3,24.8,56.7,.438,7.12,23.4,.305,14.2,20.3,.701,10.8,36.6,13.6,7.97,4.48,13.9,19.7
331,VMI,32,11,21,.344,-10.50,0.09,,4,14,,8,7,,2,13,,76.0,81.8,,40.3,26.3,61.7,.427,10.1,28.1,.359,13.3,18.2,.730,8.75,34.7,13.8,6.78,1.91,12.2,16.9
332,Virginia Tech NCAA,35,26,9,.743,19.28,7.79,,12,6,,14,2,,5,5,,73.5,62.1,,40.3,25.5,54.3,.470,9.34,23.7,.394,13.2,17.3,.761,8.86,32.6,15.2,6.74,2.23,11.2,15.2
333,Virginia NCAA,38,35,3,.921,25.46,10.15,,16,2,,15,1,,10,1,,71.4,56.1,,40.4,25.6,54.1,.474,8.45,21.4,.395,11.7,15.7,.744,9.00,34.9,14.3,5.55,3.92,9.00,14.3
334,Wagner,30,13,17,.433,-12.99,-7.63,,8,10,,7,7,,6,10,,65.8,68.1,,40.2,21.8,56.5,.386,7.87,25.8,.305,14.3,19.2,.744,12.6,36.5,11.7,6.13,3.60,13.8,21.3
335,Wake Forest,31,11,20,.355,1.21,8.47,,4,14,,8,8,,1,10,,68.4,75.6,,40.3,23.0,58.5,.394,6.35,20.6,.308,15.9,22.0,.725,12.9,37.9,10.6,4.84,2.48,13.5,17.9
336,Washington State,32,11,21,.344,-1.67,2.20,,4,14,,9,7,,2,8,,74.8,78.7,,40.0,26.0,58.2,.448,9.41,25.9,.364,13.3,17.6,.755,8.63,33.6,14.9,5.28,2.78,13.8,17.3
337,Washington NCAA,36,27,9,.750,12.01,7.01,,15,3,,15,1,,7,4,,69.8,64.8,,40.1,24.5,54.3,.451,7.58,21.7,.350,13.1,18.9,.695,9.28,31.4,11.6,8.97,5.72,13.3,18.1
338,Weber State,33,18,15,.545,-4.37,-6.12,,11,9,,10,5,,5,7,,79.3,74.4,,40.3,27.9,58.6,.476,7.55,20.7,.364,16.0,21.5,.746,6.67,35.7,11.6,5.42,4.24,11.6,18.5
339,West Virginia,36,15,21,.417,6.94,10.57,,4,14,,11,7,,0,10,,73.8,77.4,,40.6,25.0,60.6,.413,7.47,23.7,.316,16.2,23.6,.688,14.4,39.6,13.6,6.19,3.50,15.5,19.6
340,Western Carolina,32,7,25,.219,-9.28,0.34,,4,14,,4,8,,3,14,,72.0,80.1,,40.5,24.8,54.5,.454,9.25,25.0,.370,13.3,19.6,.675,9.47,35.5,12.2,4.22,1.66,18.0,21.0
341,Western Illinois,31,10,21,.323,-10.04,-5.18,,4,12,,7,6,,2,14,,70.9,73.3,,40.2,26.4,60.0,.440,7.77,20.2,.385,10.4,14.2,.730,8.19,35.5,10.3,5.32,4.26,11.4,15.7
342,Western Kentucky,34,20,14,.588,3.14,0.96,,11,7,,10,4,,6,8,,71.4,69.3,,40.6,25.1,56.2,.447,5.85,17.9,.327,15.4,21.3,.724,9.94,36.9,12.3,6.91,5.12,13.7,15.5
343,Western Michigan,32,8,24,.250,-6.26,1.48,,2,16,,5,9,,2,14,,70.2,76.2,,40.6,24.2,56.9,.425,7.13,22.6,.315,14.7,21.3,.691,10.8,37.4,11.7,4.59,2.44,15.3,17.6
344,Wichita State,37,22,15,.595,7.72,5.91,,10,8,,10,4,,7,7,,70.5,68.7,,40.1,25.1,61.5,.408,7.46,24.1,.310,12.8,17.7,.725,12.2,38.3,13.5,4.70,3.65,12.1,19.1
345,William & Mary,31,14,17,.452,-4.78,-2.08,,10,8,,9,5,,5,11,,74.9,76.9,,40.8,27.1,57.2,.474,8.19,23.7,.346,12.4,18.6,.668,8.10,34.1,17.1,5.10,4.71,12.6,16.6
346,Winthrop,30,18,12,.600,-2.89,-3.74,,10,6,,11,3,,7,8,,83.3,78.6,,40.3,28.5,62.6,.455,12.4,33.2,.373,13.9,18.8,.738,11.0,41.1,15.3,4.47,2.77,15.2,17.8
347,Wisconsin NCAA,34,23,11,.676,17.90,11.01,,14,6,,12,3,,8,5,,68.6,61.7,,40.7,25.7,57.2,.449,7.09,19.8,.359,10.1,15.6,.648,8.32,35.2,12.6,5.21,4.12,9.62,15.0
348,Wofford NCAA,35,30,5,.857,13.92,0.80,,18,0,,15,1,,11,3,,82.3,65.6,,40.3,29.8,60.9,.490,11.0,26.5,.414,11.6,16.5,.704,10.4,35.2,15.1,6.66,3.00,10.8,16.8
349,Wright State,35,21,14,.600,3.29,-0.89,,13,5,,15,2,,5,8,,73.2,67.6,,40.1,25.3,57.9,.436,8.03,23.4,.344,14.6,19.8,.737,10.9,35.1,13.8,6.11,2.06,11.5,15.6
350,Wyoming,32,8,24,.250,-9.75,0.19,,4,14,,6,10,,1,11,,65.8,75.3,,40.2,21.6,51.8,.417,7.75,22.5,.344,14.9,20.6,.723,5.22,30.7,10.3,5.50,2.75,14.1,18.4
351,Xavier,35,19,16,.543,9.61,8.06,,9,9,,13,5,,4,8,,72.2,70.6,,40.6,26.3,56.5,.466,7.00,21.1,.331,12.5,18.4,.679,10.6,36.6,14.8,5.43,3.66,12.9,15.7
352,Yale NCAA,30,22,8,.733,5.52,-1.24,,10,4,,11,2,,8,5,,80.9,73.4,,40.5,29.8,60.4,.493,7.67,21.1,.363,13.7,18.6,.738,8.63,38.6,16.8,5.90,4.37,13.1,17.0
353,Youngstown State,32,12,20,.375,-7.78,-2.05,,8,10,,6,7,,5,11,,75.5,78.9,,40.8,27.5,64.3,.427,9.47,27.8,.340,11.1,15.8,.701,13.1,37.7,14.0,6.56,3.59,13.2,20.5
